date,close,volume,vix,rsi_14,beta,correlation_sp_vix
2023-05-16,4109.89990234375,3654200000,17.989999771118164,47.44482445078351,1.0,-0.9129267080237342
2023-05-17,4158.77001953125,4039080000,16.8700008392334,55.72584477831652,1.0,-0.9158140444922803
2023-05-18,4198.0498046875,3980500000,16.049999237060547,61.03960676785094,1.0,-0.9179273461734264
2023-05-19,4191.97998046875,4041900000,16.809999465942383,59.844335291160526,1.0,-0.9132570748139905
2023-05-22,4192.6298828125,3728520000,17.209999084472656,59.93479992235269,1.0,-0.9169760634427752
2023-05-23,4145.580078125,4155320000,18.530000686645508,50.98052005447769,1.0,-0.9221534314206808
2023-05-24,4115.240234375,0,20.030000686645508,46.18842967931947,1.0,-0.9278790184327297
2023-05-25,4151.27978515625,4147760000,19.139999389648438,51.96451537205042,1.0,-0.9269055189609826
2023-05-26,4205.4501953125,3715460000,17.950000762939453,59.07520765239777,1.0,-0.9453168214170644
2023-05-30,4205.52001953125,4228510000,17.459999084472656,59.08361532139758,1.0,-0.9404353650869981
2023-05-31,4179.830078125,5980670000,17.940000534057617,54.63616561171873,1.0,-0.9391252559523079
2023-06-01,4221.02001953125,4391860000,15.649999618530273,59.854092689407814,1.0,-0.9322459882767149
2023-06-02,4282.3701171875,4454200000,14.600000381469727,66.1073043425495,1.0,-0.9301868363612934
2023-06-05,4273.7900390625,3813290000,14.729999542236328,64.59199528682088,1.0,-0.9317630516256259
2023-06-06,4283.85009765625,3996560000,13.960000038146973,65.5879871670021,1.0,-0.9262105043410636
2023-06-07,4267.52001953125,4537800000,13.9399995803833,62.51398639009566,1.0,-0.9124928960346649
2023-06-08,4293.93017578125,3826740000,13.649999618530273,65.34301801322049,1.0,-0.9141177354733108
2023-06-09,4298.85986328125,3786510000,13.829999923706055,65.86092690973709,1.0,-0.9126907458100506
2023-06-12,4338.93017578125,3945670000,15.010000228881836,69.81014952957216,1.0,-0.8118741067179375
2023-06-13,4369.009765625,4275400000,14.609999656677246,72.39198703128139,1.0,-0.8123620910357772
2023-06-14,4372.58984375,4252110000,13.880000114440918,72.69133320991699,1.0,-0.7782961243827695
2023-06-15,4425.83984375,4176690000,14.5,76.73244693633276,1.0,-0.7048293126024738
2023-06-16,4409.58984375,6848600000,13.539999961853027,73.17388034827971,1.0,-0.6304814253848322
2023-06-20,4388.7099609375,4055790000,13.880000114440918,68.7612343466421,1.0,-0.5590843767498863
2023-06-21,4365.68994140625,3709330000,13.199999809265137,64.16696142636667,1.0,-0.5147885985501992
2023-06-22,4381.89013671875,3511000000,12.90999984741211,65.894004249003,1.0,-0.5000694271492776
2023-06-23,4348.330078125,6053620000,13.4399995803833,59.49666695241499,1.0,-0.5172056704256428
2023-06-26,4328.81982421875,3415030000,14.25,56.08752918061478,1.0,-0.5340414125205354
2023-06-27,4378.41015625,3573500000,13.739999771118164,62.04118044247331,1.0,-0.540243566057198
2023-06-28,4376.85986328125,3739330000,13.430000305175781,61.75927778424415,1.0,-0.5366983570708621
2023-06-29,4396.43994140625,3696660000,13.539999961853027,63.98508158823449,1.0,-0.5104734158183899
2023-06-30,4450.3798828125,3923450000,13.59000015258789,69.28836113465412,1.0,-0.45938622089714465
2023-07-03,4455.58984375,2034280000,13.569999694824219,69.75167163605177,1.0,-0.44322658885844984
2023-07-05,4446.81982421875,3482620000,14.180000305175781,67.89490587492463,1.0,-0.44505456765763457
2023-07-06,4411.58984375,3682020000,15.4399995803833,60.883593715007216,1.0,-0.486512164961852
2023-07-07,4398.9501953125,3630480000,14.829999923706055,58.54756474777557,1.0,-0.4106504552638856
2023-07-10,4409.52978515625,3429600000,15.069999694824219,59.93329930133157,1.0,-0.3577646567486994
2023-07-11,4439.259765625,3624220000,14.84000015258789,63.61434085274564,1.0,-0.3424401366774085
2023-07-12,4472.16015625,3920290000,13.539999961853027,67.20508723634316,1.0,-0.32769988708214015
2023-07-13,4510.0400390625,3839530000,13.609999656677246,70.7804511089043,1.0,-0.31971218404420304
2023-07-14,4505.419921875,3647450000,13.34000015258789,69.7811850055015,1.0,-0.2925410573045109
2023-07-17,4522.7900390625,3538240000,13.479999542236328,71.41513376920021,1.0,-0.21877049070431512
2023-07-18,4554.97998046875,4090010000,13.300000190734863,74.19929683334126,1.0,-0.13787891516407497
2023-07-19,4565.72021484375,4115670000,13.760000228881836,75.07172365668747,1.0,-0.1301856237269698
2023-07-20,4534.8701171875,3761770000,13.989999771118164,67.96291339250135,1.0,-0.14685755922523622
2023-07-21,4536.33984375,3570190000,13.600000381469727,68.11780696835505,1.0,-0.14286694988507753
2023-07-24,4554.64013671875,3856250000,13.90999984741211,70.05893347203538,1.0,-0.12506028597425445
2023-07-25,4567.4599609375,3812470000,13.859999656677246,71.37378956525647,1.0,-0.12430750464163007
2023-07-26,4566.75,3990290000,13.1899995803833,71.18734453256926,1.0,-0.21785421262025764
2023-07-27,4537.41015625,4553210000,14.40999984741211,63.773242080197086,1.0,-0.2804652064479313
2023-07-28,4582.22998046875,3981010000,13.329999923706055,69.0723185761459,1.0,-0.3487531903045341
2023-07-31,4588.9599609375,4503600000,13.630000114440918,69.7869685159604,1.0,-0.4419077070824979
2023-08-01,4576.72998046875,4042370000,13.930000305175781,66.76765131872594,1.0,-0.5200450025605584
2023-08-02,4513.39013671875,4270710000,16.09000015258789,53.78817611569563,1.0,-0.6298390326203238
2023-08-03,4501.89013671875,4149120000,15.920000076293945,51.818558598543824,1.0,-0.6822579784697896
2023-08-04,4478.02978515625,4143310000,17.100000381469727,47.89943340011992,1.0,-0.6924436906563026
2023-08-07,4518.43994140625,3493920000,15.770000457763672,54.2151671948674,1.0,-0.7107413252717767
2023-08-08,4499.3798828125,3884910000,15.989999771118164,51.0705329118237,1.0,-0.6958538804884538
2023-08-09,4467.7099609375,3803100000,15.960000038146973,46.26832894723339,1.0,-0.6632205810090309
2023-08-10,4468.830078125,4504370000,15.850000381469727,46.46008498281655,1.0,-0.6691651151245821
2023-08-11,4464.0498046875,3753290000,14.84000015258789,45.710350971973384,1.0,-0.6409002552705992
2023-08-14,4489.72021484375,3896410000,14.819999694824219,50.34439584268676,1.0,-0.6801147649230562
2023-08-15,4437.85986328125,3832250000,16.459999084472656,42.4593553360017,1.0,-0.7190738125497365
2023-08-16,4404.330078125,3753910000,16.780000686645508,38.28437569368408,1.0,-0.7098536364387095
2023-08-17,4370.35986328125,3943700000,17.889999389648438,34.57504212071325,1.0,-0.7051809366716061
2023-08-18,4369.7099609375,3940400000,17.299999237060547,34.50616016840412,1.0,-0.7222244744902907
2023-08-21,4399.77001953125,3726850000,17.1299991607666,40.418762274971236,1.0,-0.7219596318930092
2023-08-22,4387.5498046875,3522760000,16.969999313354492,38.88202107918192,1.0,-0.7173302183471166
2023-08-23,4436.009765625,3837270000,15.979999542236328,47.419528623208144,1.0,-0.716773900069009
2023-08-24,4376.31005859375,3723470000,17.200000762939453,40.00548006741958,1.0,-0.7554562929157747
2023-08-25,4405.7099609375,3296180000,15.680000305175781,44.59927899065265,1.0,-0.7703767294035251
2023-08-28,4433.31005859375,2957230000,15.079999923706055,48.579831087645076,1.0,-0.7833920570782972
2023-08-29,4497.6298828125,3354820000,14.449999809265137,56.43544439496793,1.0,-0.7781238019960759
2023-08-30,4514.8701171875,3064110000,13.880000114440918,58.275458577804336,1.0,-0.7937459070796563
2023-08-31,4507.66015625,3946360000,13.569999694824219,57.187620298539294,1.0,-0.7922714481173003
2023-09-01,4515.77001953125,3246260000,13.09000015258789,58.13429836597803,1.0,-0.7940243125466553
2023-09-05,4496.830078125,3526250000,14.010000228881836,55.071558605834255,1.0,-0.8073714017059628
2023-09-06,4465.47998046875,3418850000,14.449999809265137,50.34366753218199,1.0,-0.8094497758941492
2023-09-07,4451.14013671875,3763760000,14.399999618530273,48.3010508321936,1.0,-0.8144583892156767
2023-09-08,4457.490234375,3259290000,13.84000015258789,49.28239519334888,1.0,-0.8134910081414716
2023-09-11,4487.4599609375,3369920000,13.800000190734863,53.74497218328245,1.0,-0.788111478509572
2023-09-12,4461.89990234375,3435740000,14.229999542236328,49.72634880572763,1.0,-0.7971558540247715
2023-09-13,4467.43994140625,3529430000,13.479999542236328,50.58873364622053,1.0,-0.7924471059881877
2023-09-14,4505.10009765625,3648720000,12.819999694824219,56.10144084468227,1.0,-0.7708603795206231
2023-09-15,4450.31982421875,6932230000,13.789999961853027,47.75527429449002,1.0,-0.7940983435082926
2023-09-18,4453.52978515625,3161230000,14.0,48.24118624588102,1.0,-0.7921474209559608
2023-09-19,4443.9501953125,3614880000,14.109999656677246,46.84103966449695,1.0,-0.7781355027669787
2023-09-20,4402.2001953125,3308450000,15.140000343322754,41.225224519885785,1.0,-0.7905756238402474
2023-09-21,4330.0,3662340000,17.540000915527344,33.70051992750996,1.0,-0.833533127411857
2023-09-22,4320.06005859375,3349570000,17.200000762939453,32.81255341371954,1.0,-0.8281427884717378
2023-09-25,4337.43994140625,3195650000,16.899999618530273,35.98844777790826,1.0,-0.8500508814677031
2023-09-26,4273.52978515625,3472340000,18.940000534057617,30.31394195657961,1.0,-0.8729513135010807
2023-09-27,4274.509765625,3875880000,18.219999313354492,30.494914934941164,1.0,-0.8617287842844792
2023-09-28,4299.7001953125,3846230000,17.34000015258789,35.15653513802084,1.0,-0.8694103917777148
2023-09-29,4288.0498046875,3865960000,17.520000457763672,34.02009788476374,1.0,-0.8653262493575138
2023-10-02,4288.39013671875,3938660000,17.610000610351562,34.08712594732867,1.0,-0.8692537795971964
2023-10-03,4229.4501953125,3953830000,19.780000686645508,28.657448010825718,1.0,-0.8891189717770338
2023-10-04,4263.75,3777600000,18.579999923706055,35.13296385475007,1.0,-0.8970470295610273
2023-10-05,4258.18994140625,3581470000,18.489999771118164,34.584957765489335,1.0,-0.8945555430644492
2023-10-06,4308.5,3902030000,17.450000762939453,43.21588741299445,1.0,-0.889975718052586
2023-10-09,4335.66015625,3174630000,17.700000762939453,47.26137503928318,1.0,-0.872204520740609
2023-10-10,4358.240234375,3520240000,17.030000686645508,50.423628189111604,1.0,-0.871956625639098
2023-10-11,4376.9501953125,3601660000,16.09000015258789,52.94152432176194,1.0,-0.8891449027430975
2023-10-12,4349.60986328125,3713140000,16.690000534057617,49.02336763684859,1.0,-0.8881840918872819
2023-10-13,4327.77978515625,3566560000,19.31999969482422,46.09024283175788,1.0,-0.8455619264988143
2023-10-16,4373.6298828125,3409960000,17.209999084472656,52.51626125551953,1.0,-0.8596911355260226
2023-10-17,4373.2001953125,3794850000,17.8799991607666,52.45315921843128,1.0,-0.8564729355113908
2023-10-18,4314.60009765625,3686030000,19.219999313354492,44.58506908135148,1.0,-0.8597196235888274
2023-10-19,4278.0,3969730000,21.399999618530273,40.49895847564744,1.0,-0.8660885493788049
2023-10-20,4224.16015625,4004030000,21.709999084472656,35.36450226407743,1.0,-0.8378984408494671
2023-10-23,4217.0400390625,3776100000,20.3700008392334,34.737289962103375,1.0,-0.8282369263888035
2023-10-24,4247.68017578125,3821820000,18.969999313354492,39.694023918910574,1.0,-0.8359248581772509
2023-10-25,4186.77001953125,3869370000,20.190000534057617,34.14252961450704,1.0,-0.8349842923031076
2023-10-26,4137.22998046875,4277640000,20.68000030517578,30.41650747221098,1.0,-0.8155632164692717
2023-10-27,4117.3701171875,4019500000,21.270000457763672,29.047929602307278,1.0,-0.8109731822700039
2023-10-30,4166.81982421875,3911140000,19.75,36.686759853945425,1.0,-0.8228772733651618
2023-10-31,4193.7998046875,4249470000,18.139999389648438,40.453622008888686,1.0,-0.8292190991450665
2023-11-01,4237.85986328125,4224900000,16.8700008392334,46.09402596705364,1.0,-0.8318752124290409
2023-11-02,4317.77978515625,4669780000,15.65999984741211,54.51099876995565,1.0,-0.8066193025840044
2023-11-03,4358.33984375,4570960000,14.90999984741211,58.08774600322627,1.0,-0.8134123685131489
2023-11-06,4365.97998046875,3656340000,14.890000343322754,58.74576379917082,1.0,-0.8129060762510129
2023-11-07,4378.3798828125,3791230000,14.8100004196167,59.84758249746852,1.0,-0.791351497724068
2023-11-08,4382.77978515625,3729510000,14.449999809265137,60.253233771074925,1.0,-0.7949617720368932
2023-11-09,4347.35009765625,3900780000,15.289999961853027,55.39970544333429,1.0,-0.7987030127381154
2023-11-10,4415.240234375,3665080000,14.170000076293945,61.756759920775245,1.0,-0.8053834898576984
2023-11-13,4411.5498046875,3326240000,14.760000228881836,61.245726932945736,1.0,-0.8030033519181093
2023-11-14,4495.7001953125,4700350000,14.15999984741211,67.79072179180235,1.0,-0.7634294661894752
2023-11-15,4502.8798828125,4347170000,14.180000305175781,68.28289430206046,1.0,-0.7592992763393625
2023-11-16,4508.240234375,3964520000,14.319999694824219,68.66783968597693,1.0,-0.7601753179974607
2023-11-17,4514.02001953125,3777240000,13.800000190734863,69.10327249954878,1.0,-0.750141831675537
2023-11-20,4547.3798828125,3644790000,13.40999984741211,71.5600034816126,1.0,-0.7616155855807597
2023-11-21,4538.18994140625,3511080000,13.350000381469727,69.91084335789385,1.0,-0.7586299413838544
2023-11-22,4556.6201171875,3042810000,12.850000381469727,71.3374640001572,1.0,-0.7601248834119695
2023-11-24,4559.33984375,1639500000,12.460000038146973,71.55181891273199,1.0,-0.7519942114147412
2023-11-27,4550.43017578125,3403990000,12.6899995803833,69.71252719574126,1.0,-0.8000069888942997
2023-11-28,4554.89013671875,3586240000,12.6899995803833,70.12649854440757,1.0,-0.7973578875258434
2023-11-29,4550.580078125,4418760000,12.979999542236328,69.14295858644248,1.0,-0.8041171337287658
2023-11-30,4567.7998046875,5399300000,12.920000076293945,70.8990410803615,1.0,-0.7801152918368954
2023-12-01,4594.6298828125,4397120000,12.630000114440918,73.43573892426734,1.0,-0.7874442735424915
2023-12-04,4569.77978515625,4369910000,13.079999923706055,67.56150046940935,1.0,-0.8029315713292375
2023-12-05,4567.18017578125,3909950000,12.850000381469727,66.95809138165578,1.0,-0.8435420886683554
2023-12-06,4549.33984375,4245680000,12.970000267028809,62.812037306071474,1.0,-0.8493817198049911
2023-12-07,4585.58984375,3818880000,13.0600004196167,67.24954389081113,1.0,-0.800373664160994
2023-12-08,4604.3701171875,3707010000,12.350000381469727,69.2938263808159,1.0,-0.7894146383964631
2023-12-11,4622.43994140625,3823210000,12.630000114440918,71.1592069727768,1.0,-0.7616079057020929
2023-12-12,4643.7001953125,3808380000,12.069999694824219,73.22051624036234,1.0,-0.7412895142814456
2023-12-13,4707.08984375,5063650000,12.1899995803833,78.21909424142757,1.0,-0.6910310794628205
2023-12-14,4719.5498046875,6314040000,12.479999542236328,79.04698643588232,1.0,-0.6703206610754286
2023-12-15,4719.18994140625,8218980000,12.279999732971191,78.95364476442087,1.0,-0.6024421803587804
2023-12-18,4740.56005859375,4060340000,12.5600004196167,80.43140492474274,1.0,-0.5618111333007858
2023-12-19,4768.3701171875,4026970000,12.529999732971191,82.18449737932455,1.0,-0.5570995184003467
2023-12-20,4698.35009765625,4201320000,13.670000076293945,66.12250311017094,1.0,-0.6656095383341811
2023-12-21,4746.75,3431180000,13.649999618530273,70.42517896656207,1.0,-0.6604079459094847
2023-12-22,4754.6298828125,3046770000,13.029999732971191,71.06941423921333,1.0,-0.5980937834757352
2023-12-26,4774.75,2513910000,12.989999771118164,72.70438747936339,1.0,-0.5313808064266295
2023-12-27,4781.580078125,2748450000,12.430000305175781,73.25690360838382,1.0,-0.5002749948686345
2023-12-28,4783.35009765625,2698860000,12.470000267028809,73.40713280726679,1.0,-0.4660086562197256
2023-12-29,4769.830078125,3126060000,12.449999809265137,70.16488344492994,1.0,-0.4611590454199901
2024-01-02,4742.830078125,3743050000,13.199999809265137,64.07808648647672,1.0,-0.5088187883262005
2024-01-03,4704.81005859375,3950760000,14.039999961853027,56.628421882246705,1.0,-0.5744727278595274
2024-01-04,4688.68017578125,3715480000,14.130000114440918,53.77222117431155,1.0,-0.55739726969134
2024-01-05,4697.240234375,3844370000,13.350000381469727,55.06744720926571,1.0,-0.5449916159928465
2024-01-08,4763.5400390625,3742320000,13.079999923706055,63.57909217864366,1.0,-0.5381691316640091
2024-01-09,4756.5,3529960000,12.760000228881836,62.23103918966384,1.0,-0.5308191326292176
2024-01-10,4783.4501953125,3498680000,12.6899995803833,65.26706626561467,1.0,-0.5259475379467267
2024-01-11,4780.240234375,3759890000,12.4399995803833,64.6009773492753,1.0,-0.5140400996184457
2024-01-12,4783.830078125,3486340000,12.699999809265137,65.03079510785892,1.0,-0.5093599378975538
2024-01-16,4765.97998046875,4260550000,13.84000015258789,61.0606683688491,1.0,-0.521818702245514
2024-01-17,4739.2099609375,3928600000,14.789999961853027,55.58042385024743,1.0,-0.5404102593772705
2024-01-18,4780.93994140625,4019000000,14.130000114440918,61.39672296498256,1.0,-0.5515391533947173
2024-01-19,4839.81005859375,4287200000,13.300000190734863,67.80193483656222,1.0,-0.5977196859523434
2024-01-22,4850.43017578125,4297610000,13.1899995803833,68.80742908232567,1.0,-0.6005236092503392
2024-01-23,4864.60009765625,3912800000,12.550000190734863,70.1469849901572,1.0,-0.6055136842608262
2024-01-24,4868.5498046875,4330030000,13.140000343322754,70.52692690295379,1.0,-0.6033642948541993
2024-01-25,4894.16015625,4020430000,13.449999809265137,72.93246913920566,1.0,-0.5975015580055758
2024-01-26,4890.97021484375,3353400000,13.260000228881836,72.14264307044832,1.0,-0.5866011618499687
2024-01-29,4927.93017578125,3525160000,13.600000381469727,75.4588319412255,1.0,-0.6054093418447392
2024-01-30,4924.97021484375,3836130000,13.3100004196167,74.69197832345793,1.0,-0.5991779387547789
2024-01-31,4845.64990234375,4696120000,14.350000381469727,57.75381880356626,1.0,-0.6550347588220337
2024-02-01,4906.18994140625,4386090000,13.880000114440918,64.39114586454608,1.0,-0.6761901734484691
2024-02-02,4958.60986328125,3974350000,13.850000381469727,68.94131171752808,1.0,-0.6644725510890725
2024-02-05,4942.81005859375,4023640000,13.670000076293945,66.19570048499102,1.0,-0.5884094590468102
2024-02-06,4954.22998046875,4440880000,13.0600004196167,67.2121107851681,1.0,-0.5965136390354432
2024-02-07,4995.06005859375,4895590000,12.829999923706055,70.61413469455957,1.0,-0.610510794064139
2024-02-08,4997.91015625,4341860000,12.789999961853027,70.84156707437177,1.0,-0.6103402558756379
2024-02-09,5026.60986328125,3912990000,12.930000305175781,73.09933468849061,1.0,-0.6141153393027362
2024-02-12,5021.83984375,3805740000,13.930000305175781,72.10007548719531,1.0,-0.6035272514218204
2024-02-13,4953.169921875,4302190000,15.850000381469727,59.4918663331634,1.0,-0.6834547171775338
2024-02-14,5000.6201171875,3845600000,14.380000114440918,64.15618341258141,1.0,-0.6870332444423901
2024-02-15,5029.72998046875,4137970000,14.010000228881836,66.69017423350247,1.0,-0.6721680783413935
2024-02-16,5005.56982421875,3833270000,14.239999771118164,62.7266017277062,1.0,-0.6746746737564977
2024-02-20,4975.509765625,4034880000,15.420000076293945,58.09986442688576,1.0,-0.7086087134004759
2024-02-21,4981.7998046875,3788390000,15.34000015258789,58.78492252637724,1.0,-0.7173864534046298
2024-02-22,5087.02978515625,4051710000,14.539999961853027,68.16301883377463,1.0,-0.7334590418464255
2024-02-23,5088.7998046875,3672790000,13.75,68.29370431021272,1.0,-0.7077448854155823
2024-02-26,5069.52978515625,3683930000,13.739999771118164,65.15788380629027,1.0,-0.7076851263086353
2024-02-27,5078.18017578125,3925950000,13.430000305175781,65.91450478974345,1.0,-0.7037453106790351
2024-02-28,5069.759765625,3789370000,13.84000015258789,64.44739889834193,1.0,-0.7040751192106136
2024-02-29,5096.27001953125,5219740000,13.399999618530273,66.94211353722186,1.0,-0.6925329344893912
2024-03-01,5137.080078125,4748110000,13.109999656677246,70.38696449714294,1.0,-0.6865656334179224
2024-03-04,5130.9501953125,4758440000,13.489999771118164,69.22016133460475,1.0,-0.6713685279676996
2024-03-05,5078.64990234375,4418410000,14.460000038146973,60.07053251154047,1.0,-0.6957170152209876
2024-03-06,5104.759765625,4559050000,14.5,62.71984813909926,1.0,-0.7020683809323968
2024-03-07,5157.35986328125,4137980000,14.4399995803833,67.41098452571454,1.0,-0.6998171407301655
2024-03-08,5123.68994140625,4208870000,14.739999771118164,62.03022042184671,1.0,-0.7080293317799293
2024-03-11,5117.93994140625,3896430000,15.220000267028809,61.13279584209986,1.0,-0.7158683812412094
2024-03-12,5175.27001953125,4080510000,13.84000015258789,66.3587555912744,1.0,-0.7510185225906745
2024-03-13,5165.31005859375,4282890000,13.75,64.73039420376224,1.0,-0.7536807516141132
2024-03-14,5150.47998046875,4687970000,14.399999618530273,62.27980620641288,1.0,-0.7345354141674039
2024-03-15,5117.08984375,7753670000,14.40999984741211,57.04347105069477,1.0,-0.715638328964007
2024-03-18,5149.419921875,4036220000,14.329999923706055,60.505935000441276,1.0,-0.7298666508144116
2024-03-19,5178.509765625,4031760000,13.819999694824219,63.367123180920295,1.0,-0.7465863433609662
2024-03-20,5224.6201171875,4064850000,13.039999961853027,67.3988346036565,1.0,-0.7643754584548749
2024-03-21,5241.52978515625,4207730000,12.920000076293945,68.7568196247392,1.0,-0.7655731276253798
2024-03-22,5234.18017578125,3374700000,13.0600004196167,67.44188127540436,1.0,-0.7663318204000011
2024-03-25,5218.18994140625,3331360000,13.1899995803833,64.54948592459232,1.0,-0.7732588860067574
2024-03-26,5203.580078125,3871790000,13.239999771118164,61.9358442514665,1.0,-0.7881149941167269
2024-03-27,5248.490234375,3850500000,12.779999732971191,66.43492673481282,1.0,-0.7516273639672097
2024-03-28,5254.35009765625,3998270000,13.010000228881836,66.983290988384,1.0,-0.7423637583976742
2024-04-01,5243.77001953125,3325930000,13.649999618530273,64.9209867988,1.0,-0.7368564605271678
2024-04-02,5205.81005859375,3886590000,14.609999656677246,58.01894427857776,1.0,-0.754136071378767
2024-04-03,5211.490234375,3703250000,14.329999923706055,58.72605784806862,1.0,-0.7426837786598834
2024-04-04,5147.2099609375,4075680000,16.350000381469727,48.72419086549144,1.0,-0.7743978014704584
2024-04-05,5204.33984375,3386780000,16.030000686645508,55.9112086593586,1.0,-0.7808919877422318
2024-04-08,5202.39013671875,3278180000,15.1899995803833,55.62466269501273,1.0,-0.7770719996683297
2024-04-09,5209.91015625,3400680000,14.979999542236328,56.54962334076322,1.0,-0.7863814015415089
2024-04-10,5160.64013671875,3845930000,15.800000190734863,49.299104756362,1.0,-0.7979413386097711
2024-04-11,5199.06005859375,3509380000,14.90999984741211,54.22746807081219,1.0,-0.8051688091888121
2024-04-12,5123.41015625,3963220000,17.309999465942383,44.96019691234926,1.0,-0.83318600513295
2024-04-15,5061.81982421875,3950210000,19.229999542236328,39.10133824529683,1.0,-0.8491391934860866
2024-04-16,5051.41015625,4006200000,18.399999618530273,38.19538716153098,1.0,-0.8274618456237423
2024-04-17,5022.2099609375,3596130000,18.209999084472656,35.696899621734076,1.0,-0.8003108824584998
2024-04-18,5011.1201171875,3619760000,18.0,34.76674602312703,1.0,-0.8004136030077483
2024-04-19,4967.22998046875,3878750000,18.709999084472656,31.291563453964343,1.0,-0.8228164799275568
2024-04-22,5010.60009765625,3820250000,16.940000534057617,37.89745341178505,1.0,-0.838866596239597
2024-04-23,5070.5498046875,3751400000,15.6899995803833,45.67279979160902,1.0,-0.8498980637538988
2024-04-24,5071.6298828125,3656740000,15.970000267028809,45.80445157303,1.0,-0.8346183579698389
2024-04-25,5048.419921875,3958050000,15.369999885559082,43.37211357159642,1.0,-0.8113419833628708
2024-04-26,5099.9599609375,3604140000,15.029999732971191,49.75300491635394,1.0,-0.8016858160641566
2024-04-29,5116.169921875,3447450000,14.670000076293945,51.60021519301873,1.0,-0.8142876055996837
2024-04-30,5035.68994140625,4082470000,15.649999618530273,43.12377356554489,1.0,-0.8210573881084203
2024-05-01,5018.39013671875,4544170000,15.390000343322754,41.54395251241471,1.0,-0.810439361304995
2024-05-02,5064.2001953125,4381660000,14.680000305175781,47.07325854027298,1.0,-0.8071598236995218
2024-05-03,5127.7900390625,3924990000,13.489999771118164,53.630023951256966,1.0,-0.8216790746013701
2024-05-06,5180.740234375,3683250000,13.489999771118164,58.26626718280319,1.0,-0.7994078682419417
2024-05-07,5187.7001953125,3987890000,13.229999542236328,58.848688074848546,1.0,-0.7998763050914451
2024-05-08,5187.669921875,3842100000,13.0,58.84484129149412,1.0,-0.7997848781870222
2024-05-09,5214.080078125,3727370000,12.6899995803833,61.22603679242055,1.0,-0.7997601988544205
2024-05-10,5222.68017578125,3617900000,12.550000190734863,61.997125452109515,1.0,-0.8029189249065969
2024-05-13,5221.419921875,4255710000,13.600000381469727,61.80316455320771,1.0,-0.7823736519534573
2024-05-14,5246.68017578125,4763580000,13.420000076293945,64.21947997409946,1.0,-0.7745154110249786
2024-05-15,5308.14990234375,4360810000,12.449999809265137,69.30768036729037,1.0,-0.7857874377100691
2024-05-16,5297.10009765625,3817470000,12.420000076293945,67.45080522933546,1.0,-0.7636667179169121
2024-05-17,5303.27001953125,3578120000,11.989999771118164,67.96687730628705,1.0,-0.775103304607746
2024-05-20,5308.1298828125,3420100000,12.149999618530273,68.39198252766315,1.0,-0.7855246705810873
2024-05-21,5321.41015625,3662240000,11.859999656677246,69.58000313977618,1.0,-0.7858871518574277
2024-05-22,5307.009765625,3847130000,12.289999961853027,66.65445118569147,1.0,-0.7772270558721035
2024-05-23,5267.83984375,3869520000,12.770000457763672,59.34521202143819,1.0,-0.7765346178055822
2024-05-24,5304.72021484375,3005510000,11.930000305175781,63.413326795972175,1.0,-0.7459837188967032
2024-05-28,5306.0400390625,3751540000,12.920000076293945,63.55387920750597,1.0,-0.6610943344444943
2024-05-29,5266.9501953125,3552750000,14.279999732971191,56.61656420192924,1.0,-0.7025107275876762
2024-05-30,5235.47998046875,3818750000,14.470000267028809,51.721679912941035,1.0,-0.717260625463762
2024-05-31,5277.509765625,5437160000,12.920000076293945,57.061076912219576,1.0,-0.7270166518209444
2024-06-03,5283.39990234375,4046920000,13.109999656677246,57.766021445828336,1.0,-0.7168397963785149
2024-06-04,5291.33984375,3707900000,13.15999984741211,58.749156625097314,1.0,-0.7048456718319216
2024-06-05,5354.02978515625,3591460000,12.630000114440918,65.56496039194953,1.0,-0.685682750515146
2024-06-06,5352.9599609375,3609990000,12.579999923706055,65.36647044027569,1.0,-0.6844833440182422
2024-06-07,5346.990234375,3692760000,12.220000267028809,64.19853579053597,1.0,-0.710612903437977
2024-06-10,5360.7900390625,3622280000,12.739999771118164,65.72317565411555,1.0,-0.7016001404442371
2024-06-11,5375.31982421875,3568030000,12.850000381469727,67.30208598267126,1.0,-0.698423919732114
2024-06-12,5421.02978515625,3962840000,12.039999961853027,71.7160895621127,1.0,-0.6935204648272137
2024-06-13,5433.740234375,3530380000,11.9399995803833,72.81503503494756,1.0,-0.715930870045402
2024-06-14,5431.60009765625,3438650000,12.65999984741211,72.30561733440246,1.0,-0.7072341722376263
2024-06-17,5473.22998046875,3447840000,12.75,75.84557469356929,1.0,-0.6525058783102002
2024-06-18,5487.02978515625,3544330000,12.300000190734863,76.89966322494759,1.0,-0.6835021819205227
2024-06-20,5473.169921875,3847060000,13.279999732971191,73.43352829840686,1.0,-0.6966067441377961
2024-06-21,5464.6201171875,6773800000,13.199999809265137,71.2985968212521,1.0,-0.6952179305039057
2024-06-24,5447.8701171875,3696750000,13.329999923706055,67.17800185228745,1.0,-0.6854896243889834
2024-06-25,5469.2998046875,3591960000,12.84000015258789,69.5987834946141,1.0,-0.6892590789804602
2024-06-26,5477.89990234375,3563920000,12.550000190734863,70.53791478367026,1.0,-0.7014539885455163
2024-06-27,5482.8701171875,3589530000,12.239999771118164,71.09367153079333,1.0,-0.6968905660387872
2024-06-28,5460.47998046875,7199220000,12.4399995803833,65.13308272254974,1.0,-0.6625980890506042
2024-07-01,5475.08984375,3488760000,12.220000267028809,67.07300532386186,1.0,-0.6712588988939805
2024-07-02,5509.009765625,3329950000,12.029999732971191,71.09415221273758,1.0,-0.6764550729711865
2024-07-03,5537.02001953125,2179470000,12.09000015258789,73.92589698272883,1.0,-0.6666140286910571
2024-07-05,5567.18994140625,3253080000,12.479999542236328,76.58648063261992,1.0,-0.6341305820502867
2024-07-08,5572.85009765625,3185670000,12.369999885559082,77.05942574736802,1.0,-0.6239322844469974
2024-07-09,5576.97998046875,3232920000,12.510000228881836,77.41785482257744,1.0,-0.6169917178482315
2024-07-10,5633.91015625,3336100000,12.850000381469727,81.66954549049902,1.0,-0.5191373582401188
2024-07-11,5584.5400390625,4020950000,12.920000076293945,69.45669846473216,1.0,-0.4917653261672432
2024-07-12,5615.35009765625,3700280000,12.460000038146973,72.24599968641562,1.0,-0.407581453401774
2024-07-15,5631.22021484375,3620470000,13.119999885559082,73.58418349048452,1.0,-0.3811410277132293
2024-07-16,5667.2001953125,4041760000,13.1899995803833,76.36636911209663,1.0,-0.29994716555949874
2024-07-17,5588.27001953125,4246450000,14.479999542236328,61.15072047251979,1.0,-0.489924993758406
2024-07-18,5544.58984375,4007510000,15.930000305175781,54.66011968981669,1.0,-0.5569247888423412
2024-07-19,5505.0,3760570000,16.520000457763672,49.52884125737939,1.0,-0.5358265651078937
2024-07-22,5564.41015625,3375180000,14.90999984741211,56.17723017036877,1.0,-0.5986965101841357
2024-07-23,5555.740234375,3500210000,14.720000267028809,55.037836846850205,1.0,-0.6066972548972714
2024-07-24,5427.1298828125,3945550000,18.040000915527344,41.569040815520715,1.0,-0.7769772150125959
2024-07-25,5399.22021484375,4592120000,18.459999084472656,39.320259506628,1.0,-0.7740057993503834
2024-07-26,5459.10009765625,3638770000,16.389999389648438,46.06215154146324,1.0,-0.7821212080811267
2024-07-29,5463.5400390625,3379970000,16.600000381469727,46.53647721346948,1.0,-0.7813386742459631
2024-07-30,5436.43994140625,3777740000,17.690000534057617,43.99345926810823,1.0,-0.7914179644405815
2024-07-31,5522.2998046875,4546910000,16.360000610351562,52.79481619639039,1.0,-0.8152761225140536
2024-08-01,5446.68017578125,4703620000,18.59000015258789,45.946382701103076,1.0,-0.835353574260866
2024-08-02,5346.56005859375,5156450000,23.389999389648438,38.7747162911231,1.0,-0.855495588893432
2024-08-05,5186.330078125,5333250000,38.56999969482422,30.554980184724613,1.0,-0.842974809018442
2024-08-06,5240.02978515625,4690190000,27.709999084472656,35.490635570000464,1.0,-0.8415394717712394
2024-08-07,5199.5,4558260000,27.850000381469727,33.552366993755456,1.0,-0.8305692475260783
2024-08-08,5319.31005859375,4016830000,23.790000915527344,43.3939834224849,1.0,-0.8303700357038736
2024-08-09,5344.16015625,3516400000,20.3700008392334,45.20671605141204,1.0,-0.8279891450864276
2024-08-12,5344.39013671875,3360160000,20.709999084472656,45.22419870835631,1.0,-0.8299951375309473
2024-08-13,5434.43017578125,3648980000,18.1200008392334,51.71926228282423,1.0,-0.8338608936811523
2024-08-14,5455.2099609375,3380050000,16.190000534057617,53.10137925247213,1.0,-0.832871811185324
2024-08-15,5543.22021484375,3723310000,15.229999542236328,58.517769048326905,1.0,-0.8277775255531662
2024-08-16,5554.25,3357690000,14.800000190734863,59.15443728967664,1.0,-0.8320737228086559
2024-08-19,5608.25,3222050000,14.649999618530273,62.21226708934604,1.0,-0.8274860876464526
2024-08-20,5597.1201171875,2994420000,15.880000114440918,61.19538957469038,1.0,-0.8271684575425327
2024-08-21,5620.85009765625,3119670000,16.270000457763672,62.59906453811353,1.0,-0.8362555540697648
2024-08-22,5570.64013671875,2981530000,17.549999237060547,57.83222722514124,1.0,-0.8454570343720479
2024-08-23,5634.60986328125,3291940000,15.859999656677246,61.82114164495253,1.0,-0.8476470274734548
2024-08-26,5616.83984375,2938570000,16.149999618530273,60.1198070687526,1.0,-0.8495652133549632
2024-08-27,5625.7998046875,2798990000,15.430000305175781,60.70698664039865,1.0,-0.8517489008885849
2024-08-28,5592.18017578125,3053450000,17.110000610351562,57.2980049384974,1.0,-0.8562409949590152
2024-08-29,5591.9599609375,3065640000,15.649999618530273,57.27531716621621,1.0,-0.8489576040548366
2024-08-30,5648.39990234375,4185850000,15.0,61.484628888582066,1.0,-0.8496861690320727
2024-09-03,5528.93017578125,3866350000,20.719999313354492,50.20838432391225,1.0,-0.8635786324997482
2024-09-04,5520.06982421875,3478140000,21.31999969482422,49.483553624764994,1.0,-0.8651464365346853
2024-09-05,5503.41015625,3521650000,19.899999618530273,48.07812773238644,1.0,-0.8532130863743213
2024-09-06,5408.419921875,3822800000,22.3799991607666,40.938489796533844,1.0,-0.8498508946899999
2024-09-09,5471.0498046875,3825940000,19.450000762939453,46.57206802196477,1.0,-0.8507470159136978
2024-09-10,5495.52001953125,3848180000,19.079999923706055,48.63364427567369,1.0,-0.8508464580976894
2024-09-11,5554.1298828125,3839450000,17.690000534057617,53.28330007605933,1.0,-0.8511452604166849
2024-09-12,5595.759765625,3655070000,17.06999969482422,56.308526626872315,1.0,-0.8554697227295591
2024-09-13,5626.02001953125,3500790000,16.559999465942383,58.41647103057423,1.0,-0.8548941664369418
2024-09-16,5633.08984375,3437070000,17.139999389648438,58.91519974471155,1.0,-0.8420083613781949
2024-09-17,5634.580078125,3443600000,17.610000610351562,59.0267509017012,1.0,-0.7839409093948552
2024-09-18,5618.259765625,3691390000,18.229999542236328,57.19523242158972,1.0,-0.8080400865490277
2024-09-19,5713.64013671875,4024530000,16.329999923706055,64.18876963111357,1.0,-0.8231196947314963
2024-09-20,5702.5498046875,7867260000,16.149999618530273,62.90188785483755,1.0,-0.8122997403553337
2024-09-23,5718.56982421875,3529550000,15.890000343322754,64.0238982447012,1.0,-0.8274217870809611
2024-09-24,5732.93017578125,3872710000,15.390000343322754,65.04447942906658,1.0,-0.8262453510471466
2024-09-25,5722.259765625,3624910000,15.40999984741211,63.60071552200222,1.0,-0.8138432955421047
2024-09-26,5745.3701171875,4391180000,15.369999885559082,65.39242279603921,1.0,-0.8223135436049037
2024-09-27,5738.169921875,3898530000,16.959999084472656,64.32996922057582,1.0,-0.8268917592779639
2024-09-30,5762.47998046875,4425730000,16.729999542236328,66.31965924490333,1.0,-0.8280053947287438
2024-10-01,5708.75,4025180000,19.260000228881836,58.54648939271956,1.0,-0.8473164456257577
2024-10-02,5709.5400390625,3829050000,18.899999618530273,58.62328359967147,1.0,-0.8463851881768581
2024-10-03,5699.93994140625,3597450000,20.489999771118164,57.235741319778185,1.0,-0.8496837992702938
2024-10-04,5751.06982421875,3479400000,19.209999084472656,62.3473278560733,1.0,-0.8517112845742361
2024-10-07,5695.93994140625,3637790000,22.639999389648438,54.748540811870036,1.0,-0.8540514621321291
2024-10-08,5751.1298828125,3393400000,21.420000076293945,60.00389162841628,1.0,-0.8576501305673193
2024-10-09,5792.0400390625,3650340000,20.860000610351562,63.39731436000703,1.0,-0.860579598606682
2024-10-10,5780.0498046875,3208790000,20.93000030517578,61.74384883665592,1.0,-0.8531683578065555
2024-10-11,5815.02978515625,3208720000,20.459999084472656,64.64118297415104,1.0,-0.8731011379024403
2024-10-14,5859.85009765625,3005250000,19.700000762939453,67.98673145258117,1.0,-0.8752063925061178
2024-10-15,5815.259765625,3882120000,20.639999389648438,61.729099037036065,1.0,-0.8372722557649868
2024-10-16,5842.47021484375,3467230000,19.579999923706055,63.91197325120724,1.0,-0.836338987313118
2024-10-17,5841.47021484375,3480010000,19.110000610351562,63.76802315818321,1.0,-0.8727097725414903
2024-10-18,5864.669921875,3374490000,18.030000686645508,65.69827034098395,1.0,-0.8630138660465735
2024-10-21,5853.97998046875,3407010000,18.3700008392334,64.00619227243376,1.0,-0.8505755954683332
2024-10-22,5851.2001953125,3342080000,18.200000762939453,63.54785209682957,1.0,-0.8444970036697307
2024-10-23,5797.419921875,3532650000,19.239999771118164,55.297575925199304,1.0,-0.8315476928210257
2024-10-24,5809.85986328125,3543030000,19.079999923706055,56.69798753719853,1.0,-0.8297366744518285
2024-10-25,5808.1201171875,3501280000,20.329999923706055,56.43173103644808,1.0,-0.821905662567981
2024-10-28,5823.52001953125,3691280000,19.799999237060547,58.29854303957474,1.0,-0.824805358242821
2024-10-29,5832.919921875,3879100000,19.34000015258789,59.440917435325964,1.0,-0.8231502288534891
2024-10-30,5813.669921875,3851120000,20.350000381469727,56.05435808519446,1.0,-0.8251916541067916
2024-10-31,5705.4501953125,4425660000,23.15999984741211,41.67820778718071,1.0,-0.8280608750904531
2024-11-01,5728.7998046875,3796450000,21.8799991607666,44.958277741908695,1.0,-0.837157698469056
2024-11-04,5712.68994140625,3602060000,21.979999542236328,43.15492960309613,1.0,-0.8308273324584153
2024-11-05,5782.759765625,3768310000,20.489999771118164,52.14601069810833,1.0,-0.8376917966806562
2024-11-06,5929.0400390625,6329530000,16.270000457763672,64.6989653402562,1.0,-0.8864668407740628
2024-11-07,5973.10009765625,4925740000,15.199999809265137,67.4671432731325,1.0,-0.8897964731306788
2024-11-08,5995.5400390625,4666740000,14.9399995803833,68.80867729542547,1.0,-0.9041737209451186
2024-11-11,6001.35009765625,4333000000,14.970000267028809,69.16323891589126,1.0,-0.9045110659782899
2024-11-12,5983.990234375,4243400000,14.710000038146973,66.72272017584407,1.0,-0.8949228371301133
2024-11-13,5985.3798828125,4220180000,14.020000457763672,66.82364055597594,1.0,-0.8881052651493295
2024-11-14,5949.169921875,4184570000,14.3100004196167,61.58282959020347,1.0,-0.8964362544194936
2024-11-15,5870.6201171875,4590960000,16.139999389648438,52.04686416680304,1.0,-0.9054088648486168
2024-11-18,5893.6201171875,3983860000,15.579999923706055,54.27933099375326,1.0,-0.9285371956053762
2024-11-19,5916.97998046875,4036940000,16.350000381469727,56.49465747037524,1.0,-0.9019216950645971
2024-11-20,5917.10986328125,3772620000,17.15999984741211,56.50727597356007,1.0,-0.8961079823370333
2024-11-21,5948.7099609375,4230120000,16.8700008392334,59.57907580519955,1.0,-0.8950194931747822
2024-11-22,5969.33984375,4141420000,15.239999771118164,61.49125541651931,1.0,-0.8816821133601817
2024-11-25,5987.3701171875,5633150000,14.600000381469727,63.132800550168156,1.0,-0.8828829523884284
2024-11-26,6021.6298828125,3835170000,14.100000381469727,66.0906727086503,1.0,-0.8801159005926301
2024-11-27,5998.740234375,3363340000,14.100000381469727,62.483679965569586,1.0,-0.8759379328517872
2024-11-29,6032.3798828125,2444420000,13.510000228881836,65.46659894811934,1.0,-0.8793890839183502
2024-12-02,6047.14990234375,4412470000,13.34000015258789,66.71785679881185,1.0,-0.8799521084085106
2024-12-03,6049.8798828125,4095000000,13.300000190734863,66.956177025669,1.0,-0.8793409135117247
2024-12-04,6086.490234375,4003390000,13.449999809265137,70.05310084029068,1.0,-0.8664012988092475
2024-12-05,6075.10986328125,4212020000,13.539999961853027,67.92207656122164,1.0,-0.8618381000526886
2024-12-06,6090.27001953125,3924830000,12.770000457763672,69.26344522753772,1.0,-0.857109242736592
2024-12-09,6052.85009765625,4556460000,14.1899995803833,62.33468457479443,1.0,-0.8669440986636621
2024-12-10,6034.91015625,4048410000,14.180000305175781,59.27333006989864,1.0,-0.8643217853235823
2024-12-11,6084.18994140625,4269950000,13.579999923706055,64.43966097363378,1.0,-0.8644133163460718
2024-12-12,6051.25,3678010000,13.920000076293945,59.0477197497335,1.0,-0.8635558971940389
2024-12-13,6051.08984375,3584960000,13.8100004196167,59.021860819604804,1.0,-0.8309847563372714
2024-12-16,6074.080078125,4391100000,14.6899995803833,61.620191468341545,1.0,-0.7966105336725111
2024-12-17,6050.60986328125,4544500000,15.869999885559082,57.604529336414,1.0,-0.8022712965120239
2024-12-18,5872.16015625,5246960000,27.6200008392334,37.56158593185451,1.0,-0.847099194154993
2024-12-19,5867.080078125,4896880000,24.09000015258789,37.165143693809334,1.0,-0.8418005003315547
2024-12-20,5930.85009765625,8223220000,18.360000610351562,45.01103656062318,1.0,-0.8551566059084318
2024-12-23,5974.06982421875,3593280000,16.780000686645508,49.603951292134255,1.0,-0.8575960969536485
2024-12-24,6040.0400390625,1757720000,14.270000457763672,55.68790252143327,1.0,-0.8622712799273405
2024-12-26,6037.58984375,2904530000,14.729999542236328,55.42029668998448,1.0,-0.8674764116113041
2024-12-27,5970.83984375,3159610000,15.949999809265137,48.57236788019994,1.0,-0.8586616386259306
2024-12-30,5906.93994140625,3433250000,17.399999618530273,43.08403585504087,1.0,-0.8587482934546649
2024-12-31,5881.6298828125,3128350000,17.350000381469727,41.102956805047015,1.0,-0.8590445427659174
2025-01-02,5868.5498046875,3621680000,17.93000030517578,40.07733756352145,1.0,-0.8587247424101795
2025-01-03,5942.47021484375,3667340000,16.1299991607666,47.97761065280406,1.0,-0.8617585036330065
2025-01-06,5975.3798828125,4940120000,16.040000915527344,51.07050812921545,1.0,-0.8581997986607593
2025-01-07,5909.02978515625,4517330000,17.81999969482422,45.23173947353644,1.0,-0.8578787059779859
2025-01-08,5918.25,4441740000,17.700000762939453,46.15302981593648,1.0,-0.8573631799890831
2025-01-10,5827.0400390625,4751930000,19.540000915527344,39.13906025167854,1.0,-0.8414556631594138
2025-01-13,5836.22021484375,4421200000,19.190000534057617,40.12534003545822,1.0,-0.842911488086457
2025-01-14,5842.91015625,4142280000,18.709999084472656,40.87726070844288,1.0,-0.8464296074449502
2025-01-15,5949.91015625,4544570000,16.1200008392334,51.39168859576381,1.0,-0.839568034363754
2025-01-16,5937.33984375,4285810000,16.600000381469727,50.26083144674075,1.0,-0.8394734121692622
2025-01-17,5996.66015625,4366830000,15.970000267028809,55.26367792294433,1.0,-0.8331717264201921
2025-01-21,6049.240234375,4702920000,15.0600004196167,59.1825987154275,1.0,-0.8377520948258986
2025-01-22,6086.3701171875,4323040000,15.100000381469727,61.731949418301205,1.0,-0.8341323766703527
2025-01-23,6118.7099609375,4432250000,15.020000457763672,63.849793745843265,1.0,-0.8320672057210575
2025-01-24,6101.240234375,4214250000,14.850000381469727,61.85825734275561,1.0,-0.8261981813842542
2025-01-27,6012.27978515625,5198750000,17.899999618530273,52.82287866441746,1.0,-0.8376102830014623
2025-01-28,6067.7001953125,4473640000,16.40999984741211,57.033411001561966,1.0,-0.8407138869589889
2025-01-29,6039.31005859375,4115310000,16.559999465942383,54.357054771396385,1.0,-0.8401043279097559
2025-01-30,6071.169921875,4634620000,15.84000015258789,56.80664060943639,1.0,-0.8411138946195725
2025-01-31,6040.52978515625,4843770000,16.43000030517578,53.81536280289342,1.0,-0.8468051859662651
2025-02-03,5994.56982421875,4797210000,18.6200008392334,49.59661723963735,1.0,-0.8488267305560567
2025-02-04,6037.8798828125,4410160000,17.209999084472656,53.3109903499785,1.0,-0.8518791669197079
2025-02-05,6061.47998046875,4756250000,15.770000457763672,55.24635996605326,1.0,-0.8844718114925547
2025-02-06,6083.56982421875,4847120000,15.5,57.04135542445815,1.0,-0.9094270346247265
2025-02-07,6025.990234375,4766900000,16.540000915527344,51.2690313185708,1.0,-0.9092245318542761
2025-02-10,6066.43994140625,4458760000,15.8100004196167,54.73448303908491,1.0,-0.9104260225823323
2025-02-11,6068.5,4324880000,16.020000457763672,54.91034850338014,1.0,-0.9113595684884269
2025-02-12,6051.97021484375,4627960000,15.890000343322754,53.12674385205286,1.0,-0.9036868865152435
2025-02-13,6115.06982421875,4763800000,15.100000381469727,58.648529004429584,1.0,-0.896998539428709
2025-02-14,6114.6298828125,4335190000,14.770000457763672,58.59669910286113,1.0,-0.9014274022540807
2025-02-18,6129.580078125,4684980000,15.350000381469727,59.89379342352114,1.0,-0.89261890145854
2025-02-19,6144.14990234375,4562330000,15.270000457763672,61.17049835725051,1.0,-0.884940743636252
2025-02-20,6117.52001953125,4813690000,15.65999984741211,57.56365768226862,1.0,-0.8876813757937352
2025-02-21,6013.1298828125,5434560000,18.209999084472656,46.09074766251313,1.0,-0.8978295751517308
2025-02-24,5983.25,4990120000,18.979999542236328,43.422974599738524,1.0,-0.8986099324612564
2025-02-25,5955.25,5374690000,19.43000030517578,41.026549042801754,1.0,-0.8933735183333313
2025-02-26,5956.06005859375,4869580000,19.100000381469727,41.12777639964689,1.0,-0.8917981120077586
2025-02-27,5861.56982421875,5057680000,21.1299991607666,33.83265379134585,1.0,-0.897048553122851
2025-02-28,5954.5,6441140000,19.6299991607666,44.29737257838067,1.0,-0.8775125991744314
2025-03-03,5849.72021484375,5613850000,22.780000686645508,37.161011709742475,1.0,-0.8939887191458853
2025-03-04,5778.14990234375,6138110000,23.510000228881836,33.22380434033262,1.0,-0.8786962145891383
2025-03-05,5842.6298828125,5285970000,21.93000030517578,39.448294793420416,1.0,-0.8795875976110737
2025-03-06,5738.52001953125,5165080000,24.8700008392334,33.94623388723956,1.0,-0.8949163140936038
2025-03-07,5770.2001953125,5705140000,23.3700008392334,36.83335726628819,1.0,-0.8999396076243823
2025-03-10,5614.56005859375,6409370000,27.860000610351562,29.915355976977935,1.0,-0.9163907045846831
2025-03-11,5572.06982421875,6221240000,26.920000076293945,28.349892444717383,1.0,-0.9045589556019669
2025-03-12,5599.2998046875,5219830000,24.229999542236328,30.84736319773421,1.0,-0.8952664270844909
2025-03-13,5521.52001953125,5018980000,24.65999984741211,27.86011963365513,1.0,-0.8785651300128395
2025-03-14,5638.93994140625,4863180000,21.770000457763672,37.672844565268875,1.0,-0.8851968773765259
2025-03-17,5675.1201171875,5031770000,20.510000228881836,40.36457814117165,1.0,-0.887447102047716
2025-03-18,5614.66015625,4666270000,21.700000762939453,37.45365434401182,1.0,-0.9014982676828484
2025-03-19,5675.2900390625,4660090000,19.899999618530273,41.97288924353825,1.0,-0.9035930922867162
2025-03-20,5662.89013671875,4678420000,19.799999237060547,41.31539626857748,1.0,-0.9070825726149092
2025-03-21,5667.56005859375,9367460000,19.280000686645508,41.68588243232277,1.0,-0.9068666542248992
2025-03-24,5767.56982421875,4517990000,17.479999542236328,49.09737196681281,1.0,-0.9090438812136147
2025-03-25,5776.64990234375,4467340000,17.149999618530273,49.72217074192968,1.0,-0.9080443520703917
2025-03-26,5712.2001953125,4183140000,18.329999923706055,45.4571763406776,1.0,-0.911071972210188
2025-03-27,5693.31005859375,4403460000,18.690000534057617,44.25887084350504,1.0,-0.9122456070451368
2025-03-28,5580.93994140625,4513330000,21.649999618530273,37.864501019681605,1.0,-0.9179581980456042
2025-03-31,5611.85009765625,5257250000,22.280000686645508,40.41468610937076,1.0,-0.9065286277922275
2025-04-01,5633.06982421875,4434500000,21.770000457763672,42.169425733480374,1.0,-0.9153949578104222
2025-04-02,5670.97021484375,4243830000,21.510000228881836,45.26963075874905,1.0,-0.9129735683731492
2025-04-03,5396.52001953125,7210470000,30.020000457763672,31.923660862592556,1.0,-0.9413367666387129
2025-04-04,5074.080078125,8853500000,45.310001373291016,23.250964604220286,1.0,-0.9599703554798493
2025-04-07,5062.25,8691980000,46.97999954223633,23.00403737960295,1.0,-0.9595847402685536
2025-04-08,4982.77001953125,7408140000,52.33000183105469,21.362555732977313,1.0,-0.9600434194128082
2025-04-09,5456.89990234375,9489600000,33.619998931884766,46.08009937818968,1.0,-0.9251754539656014
2025-04-10,5268.0498046875,6677140000,40.720001220703125,40.60535551600497,1.0,-0.9279558943405395
2025-04-11,5363.35986328125,5602550000,37.560001373291016,44.2080555381625,1.0,-0.9280442076941098
2025-04-14,5405.97021484375,5031440000,30.889999389648438,45.791168572754884,1.0,-0.9173143010682288
2025-04-15,5396.6298828125,4317110000,30.1200008392334,45.48648106535427,1.0,-0.9177364641347597
2025-04-16,5275.7001953125,4607750000,32.63999938964844,41.624767635731345,1.0,-0.9153885239128368
2025-04-17,5282.7001953125,4714880000,29.649999618530273,41.932082626307654,1.0,-0.9101376714487517
2025-04-21,5158.2001953125,4226340000,33.81999969482422,38.09116194615488,1.0,-0.9118676526018781
2025-04-22,5287.759765625,4666950000,30.56999969482422,43.85467566851437,1.0,-0.9096825376723556
2025-04-23,5375.85986328125,5371390000,28.450000762939453,47.438092817463414,1.0,-0.9150414636803557
2025-04-24,5484.77001953125,4697710000,26.469999313354492,51.55446123573996,1.0,-0.9186650218678262
2025-04-25,5525.2099609375,4236580000,24.84000015258789,53.02552624656471,1.0,-0.9222211840737229
2025-04-28,5528.75,4257880000,25.149999618530273,53.15961142831586,1.0,-0.9204666190882105
2025-04-29,5560.830078125,4747150000,24.170000076293945,54.42907075970888,1.0,-0.9208566377933388
2025-04-30,5569.06005859375,5449490000,24.700000762939453,54.76775463530365,1.0,-0.9207220686310493
2025-05-01,5604.14013671875,4935270000,24.600000381469727,56.259972114040806,1.0,-0.9206934323617986
2025-05-02,5686.669921875,4854380000,22.68000030517578,59.6338986929351,1.0,-0.9224136325727511
2025-05-05,5650.3798828125,4358260000,23.639999389648438,57.53239372805851,1.0,-0.9233890777186108
2025-05-06,5606.91015625,4717260000,24.760000228881836,55.03074258756251,1.0,-0.9220498420816896
2025-05-07,5631.27978515625,4987440000,23.549999237060547,56.1810733365437,1.0,-0.9216226652190568
2025-05-08,5663.93994140625,5627400000,22.479999542236328,57.74126353751927,1.0,-0.921177737242715
2025-05-09,5659.91015625,4645090000,21.899999618530273,57.46936895340133,1.0,-0.9199086791429042
2025-05-12,5844.18994140625,6014580000,18.389999389648438,65.47549198969695,1.0,-0.9215466151200346
2025-05-13,5886.5498046875,5516290000,18.219999313354492,67.01268681201884,1.0,-0.9227443420500496
2025-05-14,5892.580078125,5233450000,18.6200008392334,67.23633277324913,1.0,-0.9228235658347306
2025-05-15,5916.93017578125,4991290000,17.829999923706055,68.17462061933557,1.0,-0.9221959600238729
2025-05-16,5958.3798828125,4850850000,17.239999771118164,69.7620741588256,1.0,-0.914467122608177
2025-05-19,5963.60009765625,4144010000,18.139999389648438,69.96526439848353,1.0,-0.9146941928477575
2025-05-20,5940.4599609375,4416850000,18.09000015258789,67.79064703798963,1.0,-0.9144498782394233
2025-05-21,5844.60986328125,5254250000,20.8700008392334,59.53611954533055,1.0,-0.9095365335635018
2025-05-22,5842.009765625,5157050000,20.280000686645508,59.32509030736028,1.0,-0.87666513153619
2025-05-23,5802.81982421875,4662820000,22.290000915527344,56.097522148045215,1.0,-0.8354876787925699
2025-05-27,5921.5400390625,5366380000,18.959999084472656,62.71517351521467,1.0,-0.8445963978854258
2025-05-28,5888.5498046875,4665050000,19.309999465942383,60.00827839566818,1.0,-0.8852435046108473
2025-05-29,5912.169921875,4569750000,19.18000030517578,61.29632717700674,1.0,-0.8896415786322261
2025-05-30,5911.68994140625,6378540000,18.56999969482422,61.25315371598766,1.0,-0.8837213602255998
2025-06-02,5935.93994140625,4832240000,18.360000610351562,62.683230364062624,1.0,-0.9106908228383765
2025-06-03,5970.3701171875,5026680000,17.690000534057617,64.67664256279144,1.0,-0.8908545430101138
2025-06-04,5970.81005859375,4767050000,17.610000610351562,64.70258890878546,1.0,-0.8913679201500733
2025-06-05,5939.2998046875,5091850000,18.479999542236328,61.23327600451278,1.0,-0.8939191898348411
2025-06-06,6000.35986328125,4355710000,16.770000457763672,65.13455511176208,1.0,-0.9014691941324336
2025-06-09,6005.8798828125,4642360000,17.15999984741211,65.47283557273344,1.0,-0.900242311395395
2025-06-10,6038.81005859375,4882880000,16.950000762939453,67.49874467593656,1.0,-0.8990919439831255
2025-06-11,6022.240234375,5111550000,17.260000228881836,65.4187147375404,1.0,-0.8993430688630021
2025-06-12,6045.259765625,4669500000,18.020000457763672,66.94277970298265,1.0,-0.8866637567681708
2025-06-13,5976.97021484375,5258910000,20.81999969482422,58.68052125420079,1.0,-0.8908775956204874
2025-06-16,6033.10986328125,5111710000,19.110000610351562,62.75069817344359,1.0,-0.8884044605463379
2025-06-17,5982.72021484375,4955700000,21.600000381469727,57.295216043949544,1.0,-0.8879786463470164
2025-06-18,5980.8701171875,5106470000,20.139999389648438,57.09893399467161,1.0,-0.8669358615936792
2025-06-20,5967.83984375,7451500000,20.6200008392334,55.652851063714614,1.0,-0.8688393748525174
2025-06-23,6025.169921875,5597000000,19.829999923706055,60.404308264506355,1.0,-0.8684037317247295
2025-06-24,6092.18017578125,5443690000,17.479999542236328,65.10982839828347,1.0,-0.8762000572934461
2025-06-25,6092.16015625,5171110000,16.760000228881836,65.10733904249705,1.0,-0.8690832028017498
2025-06-26,6141.02001953125,5308140000,16.59000015258789,68.29352693150493,1.0,-0.8672410695332325
2025-06-27,6173.06982421875,7889350000,16.31999969482422,70.2148271823547,1.0,-0.8673635399970255
2025-06-30,6204.9501953125,5782900000,16.729999542236328,72.03041001831492,1.0,-0.8559853474294932
2025-07-01,6198.009765625,6275310000,16.829999923706055,71.01552481854095,1.0,-0.8542314963303865
2025-07-02,6227.419921875,5645710000,16.639999389648438,72.7665763639896,1.0,-0.8595327484225405
2025-07-03,6279.35009765625,3378110000,16.3799991607666,75.57275388756591,1.0,-0.8625151478183646
2025-07-07,6229.97998046875,5236740000,17.790000915527344,68.36085792365785,1.0,-0.8432819250489514
2025-07-08,6225.52001953125,5739030000,16.809999465942383,67.7320327853431,1.0,-0.8300181547250621
2025-07-09,6263.259765625,4813340000,15.9399995803833,70.22770374157552,1.0,-0.8202407124836014
2025-07-10,6280.4599609375,5367350000,15.779999732971191,71.31654910384373,1.0,-0.77909584495831
2025-07-11,6259.75,4656210000,16.399999618530273,68.08766186113341,1.0,-0.7915563332846425
2025-07-14,6268.56005859375,4722250000,17.200000762939453,68.73613124743518,1.0,-0.7853337916456631
2025-07-15,6243.759765625,5133670000,17.3799991607666,64.74756343022715,1.0,-0.7888395680099074
2025-07-16,6263.7001953125,5177460000,17.15999984741211,66.43408822146736,1.0,-0.7892626075505802
2025-07-17,6297.35986328125,5512290000,16.520000457763672,69.11971061612539,1.0,-0.7891072559859837
2025-07-18,6296.7900390625,5184700000,16.40999984741211,69.01903341503487,1.0,-0.7883285933292931
2025-07-21,6305.60009765625,5010840000,16.649999618530273,69.75260050754099,1.0,-0.7824072198571651
2025-07-22,6309.6201171875,5662040000,16.5,70.10049133549533,1.0,-0.7615302998135113
2025-07-23,6358.91015625,5642510000,15.369999885559082,74.0426253529148,1.0,-0.7721022417473395
2025-07-24,6363.35009765625,5282720000,15.390000343322754,74.3704272474155,1.0,-0.7740063205887608
2025-07-25,6388.64013671875,4470720000,14.930000305175781,76.21308925486578,1.0,-0.7760944366955629
2025-07-28,6389.77001953125,4565620000,15.029999732971191,76.29508876049148,1.0,-0.7971178212349918
2025-07-29,6370.85986328125,5076120000,15.979999542236328,71.83198041724589,1.0,-0.7482854942767425
2025-07-30,6362.89990234375,5375070000,15.479999542236328,69.97634520307028,1.0,-0.7070112692883943
2025-07-31,6339.39013671875,6077080000,16.719999313354492,64.66317377606745,1.0,-0.6628062315227289
2025-08-01,6238.009765625,5827150000,20.3799991607666,47.806273297101576,1.0,-0.8230661350233063
2025-08-04,6329.93994140625,4842580000,17.520000457763672,58.39716505088179,1.0,-0.8508705736717136
2025-08-05,6299.18994140625,5517410000,17.850000381469727,54.419395249918836,1.0,-0.8486903647957735
2025-08-06,6345.06005859375,5408560000,16.770000457763672,58.91511630411521,1.0,-0.8379557393390988
2025-08-07,6340.0,5306090000,16.56999969482422,58.23278202173895,1.0,-0.8457557172728464
2025-08-08,6389.4501953125,4769910000,15.149999618530273,62.770661162831864,1.0,-0.8655854971896595
2025-08-11,6373.4501953125,4652400000,16.25,60.48099097599508,1.0,-0.867260462175058
2025-08-12,6445.759765625,5135300000,14.729999542236328,66.43912167829708,1.0,-0.8939001843716929
2025-08-13,6466.580078125,5195950000,14.489999771118164,67.93801436875837,1.0,-0.8950064911764393
2025-08-14,6468.5400390625,4462050000,14.829999923706055,68.08252858010381,1.0,-0.8970985709770767
2025-08-15,6449.7998046875,4575060000,15.09000015258789,65.06281815591086,1.0,-0.9099399362287793
2025-08-18,6449.14990234375,4162290000,14.989999771118164,64.95522083615089,1.0,-0.9028030523764088
2025-08-19,6411.3701171875,4377440000,15.569999694824219,58.861329395248724,1.0,-0.9206914728331118
2025-08-20,6395.77978515625,4470390000,15.6899995803833,56.50545782268921,1.0,-0.9156917604074994
2025-08-21,6370.169921875,4013560000,16.600000381469727,52.769185563785086,1.0,-0.9178539104935843
2025-08-22,6466.91015625,5046860000,14.220000267028809,62.780719962761836,1.0,-0.9294996405900345
2025-08-25,6439.31982421875,4059070000,14.789999961853027,58.943260174323264,1.0,-0.9403145942959015
2025-08-26,6465.93994140625,4867680000,14.619999885559082,61.395129737873695,1.0,-0.9435923080926182
2025-08-27,6481.39990234375,4143680000,14.850000381469727,62.78512271447571,1.0,-0.9404798079583198
2025-08-28,6501.85986328125,4283760000,14.430000305175781,64.60162093001361,1.0,-0.9404251153541819
2025-08-29,6460.259765625,4234840000,15.359999656677246,58.363757503983805,1.0,-0.942875155862277
2025-09-02,6415.5400390625,4784000000,17.170000076293945,52.49556279396079,1.0,-0.9445913347967697
2025-09-03,6448.259765625,4465360000,16.350000381469727,55.982780686533715,1.0,-0.9458990378017063
2025-09-04,6502.080078125,4670770000,15.300000190734863,61.04797571763925,1.0,-0.9451856246762128
2025-09-05,6481.5,5066120000,15.180000305175781,58.285979040422994,1.0,-0.9368395573950538
2025-09-08,6495.14990234375,5211500000,15.109999656677246,59.591814453959714,1.0,-0.9362127843608437
2025-09-09,6512.60986328125,4798350000,15.039999961853027,61.2622848938226,1.0,-0.9355866175269612
2025-09-10,6532.0400390625,5253010000,15.350000381469727,63.09089495586568,1.0,-0.9301025813845367
2025-09-11,6587.47021484375,5426460000,14.710000038146973,67.76566289971191,1.0,-0.9373004275573347
2025-09-12,6584.2900390625,4641640000,14.760000228881836,67.23947553732373,1.0,-0.9374015365590229
2025-09-15,6615.27978515625,5045020000,15.6899995803833,69.70785710403058,1.0,-0.8772150337473517
2025-09-16,6606.759765625,5359510000,16.360000610351562,68.18671950455217,1.0,-0.8530834471760967
2025-09-17,6600.35009765625,5805340000,15.720000267028809,67.0021645108381,1.0,-0.8395992380555566
2025-09-18,6631.9599609375,5292400000,15.699999809265137,69.78947571896337,1.0,-0.8274861894645883
2025-09-19,6664.35986328125,9125960000,15.449999809265137,72.36608296957456,1.0,-0.8334550709518028
2025-09-22,6693.75,5642620000,16.100000381469727,74.49137945649294,1.0,-0.7982721115173033
2025-09-23,6656.919921875,5633620000,16.639999389648438,67.48680640157059,1.0,-0.7941994113488936
2025-09-24,6637.97021484375,5459180000,16.18000030517578,64.14469486717041,1.0,-0.7333289709790072
2025-09-25,6604.72021484375,5874670000,16.739999771118164,58.65577751907426,1.0,-0.7342923972274713
2025-09-26,6643.7001953125,5103110000,15.289999961853027,62.686865962335666,1.0,-0.7419383776165516
2025-09-29,6661.2099609375,5358760000,16.1200008392334,64.3675149140915,1.0,-0.7179337582397928
2025-09-30,6688.4599609375,6057210000,16.280000686645508,66.86858639422428,1.0,-0.714461677817371
2025-10-01,6711.2001953125,6037950000,16.290000915527344,68.83451181891084,1.0,-0.710120658893525
2025-10-02,6715.35009765625,5416130000,16.6299991607666,69.19375902988968,1.0,-0.7158941140865972
2025-10-03,6715.7900390625,5713110000,16.649999618530273,69.23424724779628,1.0,-0.7016879069973299
2025-10-06,6740.27978515625,5604460000,16.3700008392334,71.48120665560221,1.0,-0.5901534700421311
2025-10-07,6714.58984375,5546150000,17.239999771118164,66.03301562150585,1.0,-0.5970456821735851
2025-10-08,6753.72021484375,5383130000,16.299999237060547,69.80778917506315,1.0,-0.6126171906469927
2025-10-09,6735.10986328125,5385020000,16.43000030517578,66.04836542764201,1.0,-0.6088083046786353
2025-10-10,6552.509765625,6596610000,21.65999984741211,42.09456124079839,1.0,-0.8456799785076323
2025-10-13,6654.72021484375,5303960000,19.030000686645508,52.48280617554478,1.0,-0.861664099983785
2025-10-14,6644.31005859375,5666920000,20.809999465942383,51.47000620689148,1.0,-0.8488293811842731
2025-10-15,6671.06005859375,5633060000,20.639999389648438,53.930226142245154,1.0,-0.8473265930207273
2025-10-16,6629.06982421875,6048180000,25.309999465942383,49.673301887319454,1.0,-0.8167985291803912
2025-10-17,6664.009765625,5358120000,20.780000686645508,52.997902476729394,1.0,-0.8001350084199343
2025-10-20,6735.1298828125,4672170000,18.229999542236328,58.94328990591698,1.0,-0.8129856234543118
2025-10-21,6735.35009765625,5245020000,17.8700008392334,58.9606001316767,1.0,-0.809268989106944
2025-10-22,6699.39990234375,5710010000,18.600000381469727,54.89180829219364,1.0,-0.8093138436101831
2025-10-23,6738.43994140625,5565750000,17.299999237060547,58.26037959325998,1.0,-0.8125178577844414
2025-10-24,6791.68994140625,5058220000,16.3700008392334,62.38638209743825,1.0,-0.8162210119861895
2025-10-27,6875.16015625,5290650000,15.789999961853027,67.76536699324436,1.0,-0.8227598952239913
2025-10-28,6890.89013671875,5695930000,16.420000076293945,68.67451452101804,1.0,-0.8181327536329449
2025-10-29,6890.58984375,6280130000,16.920000076293945,68.63471689724364,1.0,-0.8281532364861794
2025-10-30,6822.33984375,6052700000,16.90999984741211,60.108788267081096,1.0,-0.796889713403457
2025-10-31,6840.2001953125,6398280000,17.440000534057617,61.45807208533535,1.0,-0.7935109102225029
2025-11-03,6851.97021484375,6065720000,17.170000076293945,62.361574656460824,1.0,-0.8040831729042744
2025-11-04,6771.5498046875,5739510000,19.0,53.18719283231796,1.0,-0.8132124341017251
2025-11-05,6796.2900390625,5939600000,18.010000228881836,55.36279240846807,1.0,-0.8241396152739757
2025-11-06,6720.31982421875,6051900000,19.5,47.98768560365541,1.0,-0.8255762115080093
2025-11-07,6728.7998046875,5926070000,19.079999923706055,48.8074578373943,1.0,-0.8227043493133277
2025-11-10,6832.43017578125,5366050000,17.600000381469727,57.60193367367261,1.0,-0.8296295961585165
2025-11-11,6846.60986328125,4983490000,17.280000686645508,58.64871640195549,1.0,-0.832131701943135
2025-11-12,6850.919921875,5293610000,17.510000228881836,58.980232703406756,1.0,-0.8328551440427406
2025-11-13,6737.490234375,5473720000,20.0,48.06008172012762,1.0,-0.8432344116425814
2025-11-14,6734.10986328125,5042660000,19.829999923706055,47.776187871609075,1.0,-0.8423273592009891
2025-11-17,6672.41015625,5204220000,22.3799991607666,42.80593104180701,1.0,-0.8475314495948152
2025-11-18,6617.31982421875,5159390000,24.690000534057617,38.913307097443536,1.0,-0.85057845811244
2025-11-19,6642.16015625,5021610000,23.65999984741211,41.49667205260527,1.0,-0.8492872446517522
2025-11-20,6538.759765625,5596080000,26.420000076293945,34.88351475655213,1.0,-0.8528901768348843
2025-11-21,6602.990234375,5929930000,23.43000030517578,41.156805570412,1.0,-0.8080861360289437
2025-11-24,6705.1201171875,6039740000,20.520000457763672,49.489452353551584,1.0,-0.8087576988872291
2025-11-25,6765.8798828125,5003330000,18.559999465942383,53.690918232116644,1.0,-0.822076531785612
2025-11-26,6812.60986328125,4485000000,17.190000534057617,56.67571239508647,1.0,-0.8265370206618801
2025-11-28,6849.08984375,2558540000,16.350000381469727,58.90263865691898,1.0,-0.865892998026393
2025-12-01,6812.6298828125,4549370000,17.239999771118164,55.81469580663274,1.0,-0.9067734633206409
2025-12-02,6829.3701171875,4582290000,16.59000015258789,56.931117146425194,1.0,-0.9030431472132883
2025-12-03,6849.72021484375,4736780000,16.079999923706055,58.31013661927217,1.0,-0.9048304687722702
2025-12-04,6857.1201171875,4872440000,15.779999732971191,58.82639822254578,1.0,-0.9031990712815265
2025-12-05,6870.39990234375,4944560000,15.40999984741211,59.78875610003106,1.0,-0.9028273221648428
2025-12-08,6846.509765625,4757130000,16.65999984741211,57.19866004526789,1.0,-0.8963153079396584
2025-12-09,6840.509765625,4508050000,16.93000030517578,56.53622928555582,1.0,-0.9075864159622115
2025-12-10,6886.68017578125,5526570000,15.770000457763672,60.34231976188824,1.0,-0.9201982534714201
2025-12-11,6901.0,5021060000,14.850000381469727,61.46930237731838,1.0,-0.9187438271477051
2025-12-12,6827.41015625,4910160000,15.739999771118164,53.115635224422135,1.0,-0.941283832168068
2025-12-15,6816.509765625,4975600000,16.5,51.988604115769704,1.0,-0.9473432836229837
2025-12-16,6800.259765625,4983180000,16.479999542236328,50.275949487925146,1.0,-0.9457242526794424
2025-12-17,6721.43017578125,5122120000,17.6200008392334,42.89388835230181,1.0,-0.940666140474598
2025-12-18,6774.759765625,5101190000,16.8700008392334,48.41245023818657,1.0,-0.939571992274532
2025-12-19,6834.5,8554470000,14.90999984741211,53.79863776458784,1.0,-0.936579784837612
2025-12-22,6878.490234375,4465030000,14.079999923706055,57.331434485138956,1.0,-0.9377598298397446
2025-12-23,6909.7900390625,3820560000,14.0,59.6930738666168,1.0,-0.9430305439184621
2025-12-24,6932.0498046875,1798270000,13.470000267028809,61.332222709779494,1.0,-0.9431893293255075
2025-12-26,6929.93994140625,2586550000,13.600000381469727,61.078682536427884,1.0,-0.9443330682360912
2025-12-29,6905.740234375,3541750000,14.199999809265137,58.11139353572215,1.0,-0.9355175943134251
2025-12-30,6896.240234375,3309930000,14.329999923706055,56.941893416599974,1.0,-0.9361942516932867
2025-12-31,6845.5,3261830000,14.949999809265137,51.03425011608042,1.0,-0.9364461842649012
2026-01-02,6858.47021484375,4184120000,14.510000228881836,52.39389165982656,1.0,-0.9348741665946115
2026-01-05,6902.0498046875,5771930000,14.899999618530273,56.74035134583269,1.0,-0.901469318702898
2026-01-06,6944.81982421875,5509680000,14.75,60.54740936035267,1.0,-0.8713298609800306
2026-01-07,6920.93017578125,5214480000,15.380000114440918,57.50333981660706,1.0,-0.8674889586978913
2026-01-08,6921.4599609375,5333200000,15.449999809265137,57.554304270077985,1.0,-0.8425221524694774
2026-01-09,6966.27978515625,5163900000,14.489999771118164,61.73518028894402,1.0,-0.8351184082153946
2026-01-12,6977.27001953125,5019040000,15.119999885559082,62.70524973174852,1.0,-0.8075146314729752
2026-01-13,6963.740234375,5091730000,15.979999542236328,60.66624198534301,1.0,-0.7989510887408156
2026-01-14,6926.60009765625,5530830000,16.75,55.345920564672525,1.0,-0.7976524862468934
2026-01-15,6944.47021484375,5114050000,15.84000015258789,57.286897954580546,1.0,-0.7937314366266425
2026-01-16,6940.009765625,5356550000,15.859999656677246,56.625282562566014,1.0,-0.7914041060264477
2026-01-20,6796.85986328125,5769500000,20.09000015258789,40.470901778839554,1.0,-0.8712432933007347
2026-01-21,6875.6201171875,5835520000,16.899999618530273,49.07849778597245,1.0,-0.8835632281543301
2026-01-22,6913.35009765625,5307580000,15.640000343322754,52.613361163540965,1.0,-0.8873424887890811
2026-01-23,6915.60986328125,4871930000,16.09000015258789,52.82458777430075,1.0,-0.8851372100147984
2026-01-26,6950.22998046875,4968050000,16.149999618530273,56.05634494804044,1.0,-0.8738344552437645
2026-01-27,6978.60009765625,5331720000,16.350000381469727,58.561552832432774,1.0,-0.8716461258593607
2026-01-28,6978.02978515625,5507670000,16.350000381469727,58.48936550768534,1.0,-0.8787453698925862
2026-01-29,6969.009765625,6877780000,16.8799991607666,57.28660076983677,1.0,-0.8792409998184694
2026-01-30,6939.02978515625,6697340000,17.440000534057617,53.35906171582265,1.0,-0.8831961069095113
2026-02-02,6976.43994140625,5772050000,16.34000015258789,57.29367886403545,1.0,-0.8950022452142476
2026-02-03,6917.81005859375,7017660000,18.0,50.152902079545036,1.0,-0.9033783095456779
2026-02-04,6882.72021484375,7475750000,18.639999389648438,46.42362311499271,1.0,-0.894707938169829
2026-02-05,6798.39990234375,6989120000,21.770000457763672,38.93207156105797,1.0,-0.9050983510644681
2026-02-06,6932.2998046875,6283680000,20.3700008392334,52.14008256316555,1.0,-0.8685691656203163
2026-02-09,6964.81982421875,5650260000,17.360000610351562,54.70252126262544,1.0,-0.8441682091729396
2026-02-10,6941.81005859375,5595950000,17.790000915527344,52.558303171315025,1.0,-0.8433199465399084
2026-02-11,6941.47021484375,6175510000,17.649999618530273,52.52555522725515,1.0,-0.8413361231772732
2026-02-12,6832.759765625,7118700000,20.81999969482422,43.24356898124396,1.0,-0.8626036106935665
2026-02-13,6836.169921875,5718360000,20.600000381469727,43.580381392201,1.0,-0.8658902975751113
2026-02-17,6843.22021484375,5418480000,20.290000915527344,44.316114180977564,1.0,-0.865908420985388
2026-02-18,6881.31005859375,5098160000,19.6200008392334,48.24297896725925,1.0,-0.8818937245755232
2026-02-19,6861.89013671875,5151690000,20.229999542236328,46.44462632658159,1.0,-0.8857565072753472
2026-02-20,6909.509765625,5432480000,19.09000015258789,51.24407499999625,1.0,-0.8878221663254104
2026-02-23,6837.75,5638350000,21.010000228881836,44.737666669551686,1.0,-0.8914155697062758
2026-02-24,6890.06982421875,5266090000,19.549999237060547,49.74752097581378,1.0,-0.8921220255239355
2026-02-25,6946.1298828125,5328060000,17.93000030517578,54.50653365078134,1.0,-0.9013109273852966
2026-02-26,6908.85986328125,5889550000,18.6299991607666,51.045486810869,1.0,-0.9016824298213065
2026-02-27,6878.8798828125,6665660000,19.860000610351562,48.384041981526124,1.0,-0.9021824818618143
2026-03-02,6881.6201171875,6079080000,21.440000534057617,48.647591352756905,1.0,-0.892973824282621
2026-03-03,6816.6298828125,6442080000,23.56999969482422,43.03521203521987,1.0,-0.8966242797302147
2026-03-04,6869.5,5252170000,21.149999618530273,48.264266192787225,1.0,-0.8722574631811162
2026-03-05,6830.7099609375,5989300000,23.75,45.000432861442356,1.0,-0.861015230673016
2026-03-06,6740.02001953125,5793120000,29.489999771118164,38.4531928799674,1.0,-0.8655873675628419
2026-03-09,6795.990234375,6709410000,25.5,43.879970156472936,1.0,-0.8701347271236519
2026-03-10,6781.47998046875,5944950000,24.93000030517578,42.82571954891636,1.0,-0.8678489752269304
2026-03-11,6775.7998046875,5511090000,24.229999542236328,42.39630476815983,1.0,-0.8690642818056507
2026-03-12,6672.6201171875,6292170000,27.290000915527344,35.44395500446987,1.0,-0.8721638926756431
2026-03-13,6632.18994140625,5337120000,27.190000534057617,33.15000815239556,1.0,-0.86203603659694
2026-03-16,6699.3798828125,5176290000,23.510000228881836,40.08949664151648,1.0,-0.8717304354328955
2026-03-17,6716.08984375,5063390000,22.3700008392334,41.71009467174871,1.0,-0.869602688197455
2026-03-18,6624.7001953125,5275480000,25.09000015258789,35.977974310927834,1.0,-0.871237800442671
2026-03-19,6606.490234375,5973390000,24.059999465942383,34.94738530661276,1.0,-0.8633923804156868
2026-03-20,6506.47998046875,10025820000,26.780000686645508,29.884331512779156,1.0,-0.858444526390148
2026-03-23,6581.0,6020650000,26.149999618530273,37.18668242329324,1.0,-0.8761338382475069
2026-03-24,6556.3701171875,5278580000,26.950000762939453,35.85744951605301,1.0,-0.8836071535286022
2026-03-25,6591.89990234375,4936720000,25.329999923706055,39.23190858833817,1.0,-0.8866319348542878
2026-03-26,6477.16015625,4845560000,27.440000534057617,33.16409680406262,1.0,-0.8725730439554684
2026-03-27,6368.85009765625,5303490000,31.049999237060547,28.6582006972217,1.0,-0.8675247015835351
2026-03-30,6343.72021484375,5458640000,30.610000610351562,27.717244496528437,1.0,-0.8626514194668262
2026-03-31,6528.52001953125,6396100000,25.25,42.633902244538255,1.0,-0.869488073182196
2026-04-01,6575.31982421875,5637260000,24.540000915527344,45.69051036752741,1.0,-0.8676941069323227
